{"cameraMode":{"drawMode":0,"name":"Shaded","section":"Shading Mode"},"sceneLighting":false,"audioPlay":false,"sceneViewState":{"m_AlwaysRefresh":false,"showFog":true,"showSkybox":false,"showFlares":true,"showImageEffects":true,"showParticleSystems":true,"showVisualEffectGraphs":true,"m_FxEnabled":true},"in2DMode":false,"pivot":{"x":39.349998474121097,"y":0.009999999776482582,"z":-0.07000017166137696},"rotation":{"x":-0.1572626233100891,"y":0.1290571242570877,"z":-0.020745117217302324,"w":-0.9787864685058594},"size":7.633216857910156,"orthographic":false}